Name,Job Title,Company / College,Location,URL
Atharva Tayade,Devops Engineer,Accenture,"Pune, Maharashtra, India",https://www.linkedin.com/in/atharva-tayade-295005185/?originalSubdomain=in
Yash Halgaonkar,SDE at Amazon,,"Hyderabad, Telangana, India",https://www.linkedin.com/in/yash-halgaonkar/
Chaitanya Pathak,"Developer at AppficiencyInc.  |  CSE VIT, Pune '22",,"Pune, Maharashtra, India",https://www.linkedin.com/in/chaitanya-pathak-b68a48186/
Tanishq Deshpande,"SDE Intern at JP Morgan Chase & Co | Former SDE Intern at UPTIQ | Amazon ML Summer School '22 | JPMC Code For Good '22 | Former Vice Chairperson at IEEE SB VIT, Pune | MERN Stack Developer",,"Pune, Maharashtra, India",https://www.linkedin.com/in/tanishq-deshpande/
Rohit Patil,Software Developer @ CCTech | C++ | MERN Stack | VIT'23,,"Pune, Maharashtra, India",https://www.linkedin.com/in/rohit-patil-590b39217/
Amaan Khatib,SDE intern @ JPMorgan Chase & Co.| Student at VIT Pune,,"Pune, Maharashtra, India",https://www.linkedin.com/in/amaan-khatib-8a7ba61bb/
Neha Raut,SWE intern @JP Morgan Chase & Co.| Winner - JPMC Code For Good '22 | MLH Prep Fellow'22 | Web developer | VIT Pune '24,,"Pune, Maharashtra, India",https://www.linkedin.com/in/neha--raut/
Atharva Dusane,Firmware Intern at Seagate Technology,,"Nashik, Maharashtra, India",https://www.linkedin.com/in/atharva-dusane-ab6226213/
